{
  "state": [
    [
      0.0,
      -1.125,
      0.0,
      0.0,
      1.0,
      0.0,
      0.0
    ],
    [
      6.123233995736766e-18,
      -1.025,
      0.0,
      0.0,
      1.0,
      0.0,
      0.0
    ],
    [
      1.2246467991473533e-17,
      -0.9249999999999999,
      0.0,
      0.0,
      1.0,
      0.0,
      0.0
    ],
    [
      1.83697019872103e-17,
      -0.825,
      0.0,
      0.0,
      1.0,
      0.0,
      0.0
    ],
    [
      2.4492935982947065e-17,
      -0.725,
      0.0,
      0.0,
      1.0,
      0.0,
      0.0
    ],
    [
      3.061616997868383e-17,
      -0.625,
      0.0,
      0.0,
      1.0,
      0.0,
      0.0
    ],
    [
      3.6739403974420595e-17,
      -0.525,
      0.0,
      0.0,
      1.0,
      0.0,
      0.0
    ],
    [
      4.286263797015736e-17,
      -0.42500000000000004,
      0.0,
      0.0,
      1.0,
      0.0,
      0.0
    ],
    [
      4.8985871965894125e-17,
      -0.32500000000000007,
      0.0,
      0.0,
      1.0,
      0.0,
      0.0
    ],
    [
      5.510910596163089e-17,
      -0.22500000000000006,
      0.0,
      0.0,
      1.0,
      0.0,
      0.0
    ],
    [
      6.123233995736766e-17,
      -0.12500000000000006,
      0.0,
      0.0,
      1.0,
      0.0,
      0.0
    ],
    [
      6.735557395310443e-17,
      -0.02500000000000005,
      0.0,
      0.0,
      1.0,
      0.0,
      0.0
    ],
    [
      7.347880794884119e-17,
      0.07499999999999996,
      0.0,
      0.0,
      1.0,
      0.0,
      0.0
    ],
    [
      7.960204194457795e-17,
      0.17499999999999996,
      0.0,
      0.0,
      1.0,
      0.0,
      0.0
    ],
    [
      8.572527594031472e-17,
      0.27499999999999997,
      0.0,
      0.0,
      1.0,
      0.0,
      0.0
    ],
    [
      9.184850993605148e-17,
      0.375,
      0.0,
      0.0,
      1.0,
      0.0,
      0.0
    ],
    [
      9.797174393178825e-17,
      0.475,
      0.0,
      0.0,
      1.0,
      0.0,
      0.0
    ],
    [
      1.0409497792752501e-16,
      0.575,
      0.0,
      0.0,
      1.0,
      0.0,
      0.0
    ],
    [
      1.1021821192326178e-16,
      0.6749999999999999,
      0.0,
      0.0,
      1.0,
      0.0,
      0.0
    ]
  ],
  "action": [
    [
      0.0
    ],
    [
      0.0
    ],
    [
      0.0
    ],
    [
      0.0
    ],
    [
      0.0
    ],
    [
      0.0
    ],
    [
      0.0
    ],
    [
      0.0
    ],
    [
      0.0
    ],
    [
      0.0
    ],
    [
      0.0
    ],
    [
      0.0
    ],
    [
      0.0
    ],
    [
      0.0
    ],
    [
      0.0
    ],
    [
      0.0
    ],
    [
      0.0
    ],
    [
      0.0
    ]
  ],
  "expert_action": [
    [
      0.0
    ],
    [
      0.0
    ],
    [
      0.0
    ],
    [
      0.0
    ],
    [
      0.0
    ],
    [
      0.0
    ],
    [
      0.0
    ],
    [
      0.0
    ],
    [
      0.0
    ],
    [
      0.0
    ],
    [
      0.0
    ],
    [
      0.0
    ],
    [
      0.0
    ],
    [
      0.0
    ],
    [
      0.0
    ],
    [
      0.0
    ],
    [
      0.0
    ],
    [
      0.0
    ]
  ],
  "info": {
    "done_status": [
      "",
      "",
      "",
      "",
      "",
      "",
      "",
      "",
      "",
      "",
      "",
      "",
      "",
      "",
      "",
      "",
      "",
      "Finish Task"
    ],
    "target": [
      [
        9.184850993605148e-17,
        1.0
      ],
      [
        9.184850993605148e-17,
        1.0
      ],
      [
        9.184850993605148e-17,
        1.0
      ],
      [
        9.184850993605148e-17,
        1.0
      ],
      [
        9.184850993605148e-17,
        1.0
      ],
      [
        9.184850993605148e-17,
        1.0
      ],
      [
        9.184850993605148e-17,
        1.0
      ],
      [
        9.184850993605148e-17,
        1.0
      ],
      [
        9.184850993605148e-17,
        1.0
      ],
      [
        9.184850993605148e-17,
        1.0
      ],
      [
        9.184850993605148e-17,
        1.0
      ],
      [
        9.184850993605148e-17,
        1.0
      ],
      [
        9.184850993605148e-17,
        1.0
      ],
      [
        9.184850993605148e-17,
        1.0
      ],
      [
        9.184850993605148e-17,
        1.0
      ],
      [
        9.184850993605148e-17,
        1.0
      ],
      [
        9.184850993605148e-17,
        1.0
      ],
      [
        9.184850993605148e-17,
        1.0
      ]
    ],
    "dist": [
      2.025,
      1.9249999999999998,
      1.825,
      1.725,
      1.625,
      1.525,
      1.425,
      1.3250000000000002,
      1.225,
      1.125,
      1.0250000000000001,
      0.925,
      0.8250000000000001,
      0.7250000000000001,
      0.625,
      0.525,
      0.42500000000000004,
      0.32500000000000007
    ]
  },
  "reward": [
    -0.2025,
    -0.1925,
    -0.1825,
    -0.17250000000000001,
    -0.1625,
    -0.1525,
    -0.14250000000000002,
    -0.13250000000000003,
    -0.12250000000000001,
    -0.1125,
    -0.10250000000000002,
    -0.09250000000000001,
    -0.08250000000000002,
    -0.07250000000000001,
    -0.0625,
    -0.052500000000000005,
    -0.04250000000000001,
    0.9675
  ]
}