{
  "state": [
    [
      0.0,
      -1.125,
      0.0,
      1.0,
      0.0,
      0.0,
      0.0
    ],
    [
      0.029552020666133966,
      -1.0294663510874393,
      0.0,
      1.0,
      0.0,
      0.0,
      0.0
    ],
    [
      0.08601626800563751,
      -0.9469327895964715,
      0.0,
      1.0,
      0.0,
      0.0,
      0.0
    ],
    [
      0.16434895896838586,
      -0.8847717927694051,
      0.0,
      1.0,
      0.0,
      0.0,
      0.0
    ],
    [
      0.25755286756510853,
      -0.8485360173217378,
      0.0,
      1.0,
      0.0,
      0.0,
      0.0
    ],
    [
      0.357302366225514,
      -0.8414622971549675,
      0.0,
      1.0,
      0.0,
      0.0,
      0.0
    ],
    [
      0.4546871293133335,
      -0.8641825066242762,
      0.0,
      1.0,
      0.0,
      0.0,
      0.0
    ],
    [
      0.5410080659782208,
      -0.914667117084262,
      0.0,
      1.0,
      0.0,
      0.0,
      0.0
    ],
    [
      0.6085543840333358,
      -0.9884064886383865,
      0.0,
      1.0,
      0.0,
      0.0,
      0.0
    ],
    [
      0.6527360991553882,
      -1.0781170011153187,
      0.0,
      1.0,
      0.0,
      0.0,
      0.0
    ],
    [
      0.6739400545482929,
      -1.1758431095802306,
      0.0,
      1.0,
      0.0,
      0.0,
      0.0
    ],
    [
      0.6733937419059358,
      -1.2758416172815799,
      0.0,
      1.0,
      0.0,
      0.0,
      0.0
    ],
    [
      0.6522260760940628,
      -1.300001,
      0.0,
      1.0,
      0.0,
      0.0,
      0.0
    ]
  ],
  "action": [
    [
      -1.0
    ],
    [
      -1.0
    ],
    [
      -1.0
    ],
    [
      -1.0
    ],
    [
      -1.0
    ],
    [
      -1.0
    ],
    [
      -1.0
    ],
    [
      -1.0
    ],
    [
      -0.946564719723858
    ],
    [
      -0.8132057947793303
    ],
    [
      -0.730415509459856
    ],
    [
      -0.692756736392887
    ]
  ],
  "expert_action": [
    [
      -1.0
    ],
    [
      -1.0
    ],
    [
      -1.0
    ],
    [
      -1.0
    ],
    [
      -1.0
    ],
    [
      -1.0
    ],
    [
      -1.0
    ],
    [
      -1.0
    ],
    [
      -0.946564719723858
    ],
    [
      -0.8132057947793303
    ],
    [
      -0.730415509459856
    ],
    [
      -0.692756736392887
    ]
  ],
  "info": {
    "done_status": [
      "",
      "",
      "",
      "",
      "",
      "",
      "",
      "",
      "",
      "",
      "",
      "Hit the Wall"
    ],
    "target": [
      [
        1.0606601717798214,
        0.5606601717798212
      ],
      [
        1.0606601717798214,
        0.5606601717798212
      ],
      [
        1.0606601717798214,
        0.5606601717798212
      ],
      [
        1.0606601717798214,
        0.5606601717798212
      ],
      [
        1.0606601717798214,
        0.5606601717798212
      ],
      [
        1.0606601717798214,
        0.5606601717798212
      ],
      [
        1.0606601717798214,
        0.5606601717798212
      ],
      [
        1.0606601717798214,
        0.5606601717798212
      ],
      [
        1.0606601717798214,
        0.5606601717798212
      ],
      [
        1.0606601717798214,
        0.5606601717798212
      ],
      [
        1.0606601717798214,
        0.5606601717798212
      ],
      [
        1.0606601717798214,
        0.5606601717798212
      ]
    ],
    "dist": [
      1.8951744980394316,
      1.795206750309145,
      1.7007784553998038,
      1.6219788042577439,
      1.5686489793851135,
      1.5483475018218145,
      1.5641703616713507,
      1.6136936393668684,
      1.6887843768310657,
      1.7790435900353299,
      1.876889477015893,
      1.9768880602039414
    ]
  },
  "reward": [
    -0.18951744980394317,
    -0.1795206750309145,
    -0.1700778455399804,
    -0.1621978804257744,
    -0.15686489793851136,
    -0.15483475018218146,
    -0.1564170361671351,
    -0.16136936393668685,
    -0.1688784376831066,
    -0.177904359003533,
    -0.1876889477015893,
    -1.197688806020394
  ]
}