{
  "state": [
    [
      0.0,
      -1.125,
      0.0,
      1.0,
      0.0,
      0.0,
      0.0
    ],
    [
      0.01494381324735992,
      -1.0261228922063959,
      0.0,
      1.0,
      0.0,
      0.0,
      0.0
    ],
    [
      0.04449583391349387,
      -0.9305892432938352,
      0.0,
      1.0,
      0.0,
      0.0,
      0.0
    ],
    [
      0.08799238732461687,
      -0.8405445330585675,
      0.0,
      1.0,
      0.0,
      0.0,
      0.0
    ],
    [
      0.1444566346641204,
      -0.7580109715675996,
      0.0,
      1.0,
      0.0,
      0.0,
      0.0
    ],
    [
      0.21262051066645382,
      -0.6848420846802175,
      0.0,
      1.0,
      0.0,
      0.0,
      0.0
    ],
    [
      0.29095320162920213,
      -0.622681087853151,
      0.0,
      1.0,
      0.0,
      0.0,
      0.0
    ],
    [
      0.3776955241886038,
      -0.5729239830639783,
      0.0,
      1.0,
      0.0,
      0.0,
      0.0
    ],
    [
      0.4708994327853264,
      -0.536688207616311,
      0.0,
      1.0,
      0.0,
      0.0,
      0.0
    ],
    [
      0.5684717685679923,
      -0.5147875389070068,
      0.0,
      1.0,
      0.0,
      0.0,
      0.0
    ],
    [
      0.6682212672283978,
      -0.5077138187402365,
      0.0,
      1.0,
      0.0,
      0.0,
      0.0
    ],
    [
      0.7679077700737897,
      -0.5156259076209099,
      0.0,
      1.0,
      0.0,
      0.0,
      0.0
    ],
    [
      0.8652925331616093,
      -0.5383461170902185,
      0.0,
      1.0,
      0.0,
      0.0,
      0.0
    ],
    [
      0.9581885046619962,
      -0.5753642002253472,
      0.0,
      1.0,
      0.0,
      0.0,
      0.0
    ],
    [
      1.0473832441927324,
      -0.6205781188792763,
      0.0,
      1.0,
      0.0,
      0.0,
      0.0
    ],
    [
      1.1360641850502886,
      -0.666791652920925,
      0.0,
      1.0,
      0.0,
      0.0,
      0.0
    ],
    [
      1.2274118832302303,
      -0.7074806936717989,
      0.0,
      1.0,
      0.0,
      0.0,
      0.0
    ]
  ],
  "reward": [
    -0.19003692258758242,
    -0.18045539004166194,
    -0.17057131188386376,
    -0.16057155743532278,
    -0.15068002978723902,
    -0.14116463284577324,
    -0.13234250057983366,
    -0.12457893863019745,
    -0.11827244829958283,
    -0.11381701443216977,
    -0.11153903771399708,
    -0.11162362371806218,
    -0.11406365838213517,
    -0.11813129035633951,
    -0.12297657285753594,
    -0.3279057226202184
  ],
  "info": {
    "dist": [
      1.9003692258758242,
      1.8045539004166193,
      1.7057131188386376,
      1.6057155743532276,
      1.50680029787239,
      1.4116463284577323,
      1.3234250057983366,
      1.2457893863019744,
      1.1827244829958283,
      1.1381701443216976,
      1.1153903771399707,
      1.1162362371806218,
      1.1406365838213517,
      1.1813129035633951,
      1.2297657285753594,
      1.2790572262021838
    ],
    "target": [
      [
        1.0606601717798214,
        0.5606601717798212
      ],
      [
        1.0606601717798214,
        0.5606601717798212
      ],
      [
        1.0606601717798214,
        0.5606601717798212
      ],
      [
        1.0606601717798214,
        0.5606601717798212
      ],
      [
        1.0606601717798214,
        0.5606601717798212
      ],
      [
        1.0606601717798214,
        0.5606601717798212
      ],
      [
        1.0606601717798214,
        0.5606601717798212
      ],
      [
        1.0606601717798214,
        0.5606601717798212
      ],
      [
        1.0606601717798214,
        0.5606601717798212
      ],
      [
        1.0606601717798214,
        0.5606601717798212
      ],
      [
        1.0606601717798214,
        0.5606601717798212
      ],
      [
        1.0606601717798214,
        0.5606601717798212
      ],
      [
        1.0606601717798214,
        0.5606601717798212
      ],
      [
        1.0606601717798214,
        0.5606601717798212
      ],
      [
        1.0606601717798214,
        0.5606601717798212
      ],
      [
        1.0606601717798214,
        0.5606601717798212
      ]
    ],
    "done_status": [
      "",
      "",
      "",
      "",
      "",
      "",
      "",
      "",
      "",
      "",
      "",
      "",
      "",
      "",
      "",
      "Wrong Target"
    ]
  },
  "expert_action": [
    [
      -1.0
    ],
    [
      -1.0
    ],
    [
      -1.0
    ],
    [
      -1.0
    ],
    [
      -1.0
    ],
    [
      -1.0
    ],
    [
      -1.0
    ],
    [
      -1.0
    ],
    [
      -1.0
    ],
    [
      -1.0
    ],
    [
      -1.0
    ],
    [
      -0.8852574673258642
    ],
    [
      -0.5864323206464095
    ],
    [
      -0.2998618155049033
    ],
    [
      -0.03746455062022379
    ],
    [
      0.20451413376453756
    ]
  ],
  "action": [
    [
      -1.0
    ],
    [
      -1.0
    ],
    [
      -1.0
    ],
    [
      -1.0
    ],
    [
      -1.0
    ],
    [
      -1.0
    ],
    [
      -1.0
    ],
    [
      -1.0
    ],
    [
      -1.0
    ],
    [
      -1.0
    ],
    [
      -1.0
    ],
    [
      -0.8852574673258642
    ],
    [
      -0.5864323206464095
    ],
    [
      -0.2998618155049033
    ],
    [
      -0.03746455062022379
    ],
    [
      0.20451413376453756
    ]
  ]
}